Ticker,Company,Sector,Year,Month,Month_Name,Monthly_Return,Avg_Close,Avg_Volume,Avg_Volatility
AAPL,Apple,Tech,2020,1,Jan,3.31,75.19,139731923.81,1.77
AAPL,Apple,Tech,2020,2,Feb,-11.61,75.17,158909431.58,1.99
AAPL,Apple,Tech,2020,3,Mar,-2.78,63.41,285457836.36,5.32
AAPL,Apple,Tech,2020,4,Apr,15.41,65.82,155490438.1,4.58
AAPL,Apple,Tech,2020,5,May,8.33,75.05,140296800.0,1.85
AAPL,Apple,Tech,2020,6,Jun,14.21,83.78,147426163.64,1.61
AAPL,Apple,Tech,2020,7,Jul,16.09,92.62,137285600.0,1.79
AAPL,Apple,Tech,2020,8,Aug,20.09,113.85,193812433.33,2.86
AAPL,Apple,Tech,2020,9,Sep,-9.58,111.77,185011671.43,3.23
AAPL,Apple,Tech,2020,10,Oct,-5.37,113.02,131575750.0,2.65
AAPL,Apple,Tech,2020,11,Nov,9.44,113.58,106153865.0,2.53
AAPL,Apple,Tech,2020,12,Dec,11.2,123.8,105554072.73,1.66
AAPL,Apple,Tech,2021,1,Jan,-0.02,129.38,117908526.32,2.1
AAPL,Apple,Tech,2021,2,Feb,-8.11,128.07,96518715.79,1.95
AAPL,Apple,Tech,2021,3,Mar,1.32,118.7,115235573.91,2.25
AAPL,Apple,Tech,2021,4,Apr,7.54,128.39,89993214.29,1.56
AAPL,Apple,Tech,2021,5,May,-4.94,123.65,85596745.0,1.51
AAPL,Apple,Tech,2021,6,Jun,9.57,126.79,73026818.18,1.18
AAPL,Apple,Tech,2021,7,Jul,6.5,141.61,91382623.81,1.17
AAPL,Apple,Tech,2021,8,Aug,4.3,144.75,66433763.64,1.15
AAPL,Apple,Tech,2021,9,Sep,-6.86,144.91,85611195.24,1.33
AAPL,Apple,Tech,2021,10,Oct,5.85,142.23,74527580.95,1.25
AAPL,Apple,Tech,2021,11,Nov,10.23,150.9,80525190.48,1.13
AAPL,Apple,Tech,2021,12,Dec,7.53,169.83,111125759.09,1.87
AAPL,Apple,Tech,2022,1,Jan,-1.13,166.22,105422300.0,1.67
AAPL,Apple,Tech,2022,2,Feb,-5.35,166.36,85658752.63,2.09
AAPL,Apple,Tech,2022,3,Mar,6.03,161.97,94817395.65,1.9
AAPL,Apple,Tech,2022,4,Apr,-9.76,163.45,84389780.0,1.77
AAPL,Apple,Tech,2022,5,May,-4.62,145.6,114335252.38,2.86
AAPL,Apple,Tech,2022,6,Jun,-7.88,137.17,83290466.67,2.72
AAPL,Apple,Tech,2022,7,Jul,17.58,146.86,72356270.0,1.93
AAPL,Apple,Tech,2022,8,Aug,-2.88,163.94,65662591.3,1.65
AAPL,Apple,Tech,2022,9,Sep,-12.32,150.34,99272514.29,1.94
AAPL,Apple,Tech,2022,10,Oct,11.12,142.49,88959033.33,2.39
AAPL,Apple,Tech,2022,11,Nov,-2.48,143.51,82135604.76,3.13
AAPL,Apple,Tech,2022,12,Dec,-12.67,135.7,79796723.81,2.22
AAPL,Apple,Tech,2023,1,Jan,10.76,133.64,72182625.0,1.95
AAPL,Apple,Tech,2023,2,Feb,2.54,148.73,68799942.11,1.55
AAPL,Apple,Tech,2023,3,Mar,11.45,152.75,66098547.83,1.49
AAPL,Apple,Tech,2023,4,Apr,3.0,162.69,51040863.16,1.2
AAPL,Apple,Tech,2023,5,May,4.67,170.3,57971122.73,1.38
AAPL,Apple,Tech,2023,6,Jun,9.13,181.9,61780157.14,0.92
AAPL,Apple,Tech,2023,7,Jul,1.33,189.93,49805700.0,0.93
AAPL,Apple,Tech,2023,8,Aug,-4.03,178.9,57506860.87,1.36
AAPL,Apple,Tech,2023,9,Sep,-9.07,174.95,66891150.0,1.57
AAPL,Apple,Tech,2023,10,Oct,-0.14,172.65,53309859.09,1.09
AAPL,Apple,Tech,2023,11,Nov,10.89,183.89,52364361.9,1.15
AAPL,Apple,Tech,2023,12,Dec,1.43,192.31,53159060.0,0.89
AAPL,Apple,Tech,2024,1,Jan,-4.08,185.79,56547180.95,1.28
AAPL,Apple,Tech,2024,2,Feb,-1.81,183.04,58077675.0,1.09
AAPL,Apple,Tech,2024,3,Mar,-5.02,171.14,71657590.0,1.18
AAPL,Apple,Tech,2024,4,Apr,-0.44,168.07,56642913.64,1.51
AAPL,Apple,Tech,2024,5,May,12.52,184.78,60750513.64,1.76
AAPL,Apple,Tech,2024,6,Jun,9.55,204.68,90418531.58,1.65
AAPL,Apple,Tech,2024,7,Jul,5.56,222.87,52413627.27,1.75
AAPL,Apple,Tech,2024,8,Aug,3.41,220.11,51030318.18,1.59
AAPL,Apple,Tech,2024,9,Sep,1.94,222.3,61604885.0,1.2
AAPL,Apple,Tech,2024,10,Oct,-2.9,228.55,40466782.61,1.43
AAPL,Apple,Tech,2024,11,Nov,5.13,226.51,44579415.0,1.1
AAPL,Apple,Tech,2024,12,Dec,5.48,247.97,46567433.33,0.84
AAPL,Apple,Tech,2025,1,Jan,-5.57,233.31,60008820.0,1.5
AAPL,Apple,Tech,2025,2,Feb,2.8,237.41,45382752.63,1.87
AAPL,Apple,Tech,2025,3,Mar,-8.11,221.74,53106642.86,1.75
AAPL,Apple,Tech,2025,4,Apr,-2.02,200.31,76538980.95,4.37
AAPL,Apple,Tech,2025,5,May,-5.06,203.24,56939438.1,2.76
AAPL,Apple,Tech,2025,6,Jun,2.25,200.05,55020465.0,1.45
AAPL,Apple,Tech,2025,7,Jul,1.25,210.64,49087981.82,1.06
AAPL,Apple,Tech,2025,8,Aug,11.66,224.15,58003766.67,1.69
AAPL,Apple,Tech,2025,9,Sep,9.59,242.02,60263638.1,1.61
AAPL,Apple,Tech,2025,10,Oct,6.23,257.8,47701834.78,1.55
AAPL,Apple,Tech,2025,11,Nov,3.27,271.33,46188326.32,1.17
AAPL,Apple,Tech,2025,12,Dec,-2.48,276.05,42024036.36,0.92
AAPL,Apple,Tech,2026,1,Jan,-4.5,257.41,52000865.0,0.88
AAPL,Apple,Tech,2026,2,Feb,2.33,269.11,52048473.68,1.85
AAPL,Apple,Tech,2026,3,Mar,-2.57,261.75,42190500.0,1.93
AMZN,Amazon,Tech,2020,1,Jan,6.02,94.21,80665047.62,1.92
AMZN,Amazon,Tech,2020,2,Feb,-6.07,103.31,97379052.63,2.05
AMZN,Amazon,Tech,2020,3,Mar,5.23,93.62,148917363.64,3.46
AMZN,Amazon,Tech,2020,4,Apr,24.62,111.44,118676000.0,3.12
AMZN,Amazon,Tech,2020,5,May,-0.85,119.71,82584400.0,2.67
AMZN,Amazon,Tech,2020,6,Jun,12.47,130.68,79834818.18,1.34
AMZN,Amazon,Tech,2020,7,Jul,14.67,152.69,115910909.09,2.53
AMZN,Amazon,Tech,2020,8,Aug,8.95,162.46,79539619.05,2.2
AMZN,Amazon,Tech,2020,9,Sep,-8.39,158.04,110380285.71,2.38
AMZN,Amazon,Tech,2020,10,Oct,-2.94,161.53,105660090.91,2.55
AMZN,Amazon,Tech,2020,11,Nov,4.78,157.09,90810500.0,2.74
AMZN,Amazon,Tech,2020,12,Dec,2.94,159.89,70505636.36,1.34
AMZN,Amazon,Tech,2021,1,Jan,-1.3,160.0,75293578.95,1.58
AMZN,Amazon,Tech,2021,2,Feb,-3.34,163.19,75902105.26,1.73
AMZN,Amazon,Tech,2021,3,Mar,0.35,153.41,67989565.22,1.7
AMZN,Amazon,Tech,2021,4,Apr,11.57,167.61,73180571.43,1.37
AMZN,Amazon,Tech,2021,5,May,-7.1,162.31,75183900.0,1.44
AMZN,Amazon,Tech,2021,6,Jun,6.66,168.39,60919090.91,1.13
AMZN,Amazon,Tech,2021,7,Jul,-2.81,180.8,79742190.48,1.48
AMZN,Amazon,Tech,2021,8,Aug,4.33,165.65,57134727.27,1.79
AMZN,Amazon,Tech,2021,9,Sep,-5.38,171.36,59550190.48,1.05
AMZN,Amazon,Tech,2021,10,Oct,2.86,166.71,60641238.1,1.38
AMZN,Amazon,Tech,2021,11,Nov,4.25,175.88,72190000.0,1.7
AMZN,Amazon,Tech,2021,12,Dec,-4.84,170.86,58528818.18,1.66
AMZN,Amazon,Tech,2022,1,Jan,-10.28,155.48,76232700.0,1.62
AMZN,Amazon,Tech,2022,2,Feb,4.14,153.78,88926526.32,3.94
AMZN,Amazon,Tech,2022,3,Mar,6.71,154.28,70803739.13,2.94
AMZN,Amazon,Tech,2022,4,Apr,-25.34,151.31,73250400.0,2.33
AMZN,Amazon,Tech,2022,5,May,-1.95,112.47,107546476.19,4.29
AMZN,Amazon,Tech,2022,6,Jun,-11.25,112.86,84171480.95,3.47
AMZN,Amazon,Tech,2022,7,Jul,25.17,117.04,66892630.0,2.99
AMZN,Amazon,Tech,2022,8,Aug,-5.73,137.44,50889086.96,3.14
AMZN,Amazon,Tech,2022,9,Sep,-10.85,123.21,57642266.67,2.34
AMZN,Amazon,Tech,2022,10,Oct,-8.71,114.46,69491023.81,2.79
AMZN,Amazon,Tech,2022,11,Nov,-4.5,93.95,96911104.76,3.87
AMZN,Amazon,Tech,2022,12,Dec,-13.42,87.94,73771109.52,2.54
AMZN,Amazon,Tech,2023,1,Jan,21.13,94.22,76189930.0,2.39
AMZN,Amazon,Tech,2023,2,Feb,-8.17,99.21,71794842.11,3.11
AMZN,Amazon,Tech,2023,3,Mar,9.58,96.55,58662621.74,1.93
AMZN,Amazon,Tech,2023,4,Apr,2.62,103.34,64433394.74,1.96
AMZN,Amazon,Tech,2023,5,May,13.79,111.94,65138140.91,2.24
AMZN,Amazon,Tech,2023,6,Jun,8.14,126.38,59187428.57,1.87
AMZN,Amazon,Tech,2023,7,Jul,2.78,130.82,52943675.0,1.63
AMZN,Amazon,Tech,2023,8,Aug,3.75,135.5,52638621.74,2.36
AMZN,Amazon,Tech,2023,9,Sep,-7.81,135.44,56025265.0,1.69
AMZN,Amazon,Tech,2023,10,Oct,5.33,128.28,55666754.55,2.13
AMZN,Amazon,Tech,2023,11,Nov,9.51,143.46,48859023.81,2.32
AMZN,Amazon,Tech,2023,12,Dec,4.07,149.82,46566110.0,1.23
AMZN,Amazon,Tech,2024,1,Jan,2.32,153.62,45429285.71,1.3
AMZN,Amazon,Tech,2024,2,Feb,13.53,171.0,52250110.0,2.19
AMZN,Amazon,Tech,2024,3,Mar,2.17,176.82,35102840.0,1.46
AMZN,Amazon,Tech,2024,4,Apr,-2.73,181.17,41688104.55,1.24
AMZN,Amazon,Tech,2024,5,May,0.97,184.18,40557940.91,1.63
AMZN,Amazon,Tech,2024,6,Jun,9.33,186.08,42660826.32,1.08
AMZN,Amazon,Tech,2024,7,Jul,-3.03,190.33,39457322.73,1.63
AMZN,Amazon,Tech,2024,8,Aug,-3.87,172.39,44137450.0,2.57
AMZN,Amazon,Tech,2024,9,Sep,4.58,184.87,38247525.0,1.89
AMZN,Amazon,Tech,2024,10,Oct,0.27,186.83,31907773.91,1.39
AMZN,Amazon,Tech,2024,11,Nov,11.47,204.5,45291765.0,2.19
AMZN,Amazon,Tech,2024,12,Dec,5.7,224.1,36232904.76,1.83
AMZN,Amazon,Tech,2025,1,Jan,8.21,228.02,32628850.0,1.59
AMZN,Amazon,Tech,2025,2,Feb,-11.0,225.85,41242826.32,1.58
AMZN,Amazon,Tech,2025,3,Mar,-10.47,198.51,46034371.43,1.88
AMZN,Amazon,Tech,2025,4,Apr,-1.34,181.21,62528252.38,3.8
AMZN,Amazon,Tech,2025,5,May,11.1,200.16,44631557.14,2.8
AMZN,Amazon,Tech,2025,6,Jun,7.0,213.02,43534395.0,1.56
AMZN,Amazon,Tech,2025,7,Jul,6.61,226.3,38909836.36,1.32
AMZN,Amazon,Tech,2025,8,Aug,-1.61,224.67,41793271.43,2.31
AMZN,Amazon,Tech,2025,9,Sep,-3.91,228.09,45957142.86,1.7
AMZN,Amazon,Tech,2025,10,Oct,11.42,222.15,52038121.74,1.64
AMZN,Amazon,Tech,2025,11,Nov,-4.18,236.27,47488042.11,2.96
AMZN,Amazon,Tech,2025,12,Dec,-0.92,229.26,35816381.82,1.53
AMZN,Amazon,Tech,2026,1,Jan,3.92,239.08,42103020.0,1.57
AMZN,Amazon,Tech,2026,2,Feb,-12.59,212.05,66487984.21,2.02
AMZN,Amazon,Tech,2026,3,Mar,1.63,213.22,51190140.0,2.16
BAC,Bank of America,Finance,2020,1,Jan,-8.07,29.46,47385419.05,1.15
BAC,Bank of America,Finance,2020,2,Feb,-13.63,28.68,56473263.16,1.52
BAC,Bank of America,Finance,2020,3,Mar,-20.82,19.72,128477227.27,6.19
BAC,Bank of America,Finance,2020,4,Apr,14.61,19.45,77939204.76,6.65
BAC,Bank of America,Finance,2020,5,May,1.76,19.81,72374425.0,3.78
BAC,Bank of America,Finance,2020,6,Jun,0.77,21.99,81899886.36,4.14
BAC,Bank of America,Finance,2020,7,Jul,5.15,20.87,63113786.36,2.88
BAC,Bank of America,Finance,2020,8,Aug,3.63,22.46,54529319.05,1.7
BAC,Bank of America,Finance,2020,9,Sep,-5.56,21.8,61472219.05,1.81
BAC,Bank of America,Finance,2020,10,Oct,-1.19,21.35,58953004.55,1.93
BAC,Bank of America,Finance,2020,11,Nov,18.69,23.48,64321410.0,3.46
BAC,Bank of America,Finance,2020,12,Dec,8.2,25.74,46696772.73,2.22
BAC,Bank of America,Finance,2021,1,Jan,-1.75,28.08,57150678.95,1.95
BAC,Bank of America,Finance,2021,2,Feb,16.08,29.58,49995436.84,1.93
BAC,Bank of America,Finance,2021,3,Mar,11.7,33.16,59949921.74,1.74
BAC,Bank of America,Finance,2021,4,Apr,4.89,35.02,49046547.62,1.57
BAC,Bank of America,Finance,2021,5,May,4.58,37.15,41175480.0,1.32
BAC,Bank of America,Finance,2021,6,Jun,-2.1,36.9,44753677.27,1.22
BAC,Bank of America,Finance,2021,7,Jul,-6.89,34.62,50501076.19,1.82
BAC,Bank of America,Finance,2021,8,Aug,8.67,36.3,45330281.82,1.47
BAC,Bank of America,Finance,2021,9,Sep,2.48,36.71,48681838.1,1.4
BAC,Bank of America,Finance,2021,10,Oct,12.07,40.76,43677185.71,1.67
BAC,Bank of America,Finance,2021,11,Nov,-6.94,41.88,42638052.38,1.33
BAC,Bank of America,Finance,2021,12,Dec,0.76,39.77,48223727.27,1.74
BAC,Bank of America,Finance,2022,1,Jan,3.99,42.17,61258935.0,1.8
BAC,Bank of America,Finance,2022,2,Feb,-3.96,42.11,49565721.05,1.65
BAC,Bank of America,Finance,2022,3,Mar,-5.65,37.96,57079065.22,2.63
BAC,Bank of America,Finance,2022,4,Apr,-14.1,34.88,51610495.0,1.81
BAC,Bank of America,Finance,2022,5,May,4.74,32.54,52752447.62,2.26
BAC,Bank of America,Finance,2022,6,Jun,-16.86,30.35,47442585.71,2.12
BAC,Bank of America,Finance,2022,7,Jul,8.71,29.37,40710400.0,2.0
BAC,Bank of America,Finance,2022,8,Aug,-0.29,31.49,35624482.61,1.83
BAC,Bank of America,Finance,2022,9,Sep,-9.69,30.23,40961138.1,1.72
BAC,Bank of America,Finance,2022,10,Oct,18.44,30.31,46711023.81,2.51
BAC,Bank of America,Finance,2022,11,Nov,5.12,33.99,33349785.71,1.85
BAC,Bank of America,Finance,2022,12,Dec,-12.45,30.3,42526676.19,1.77
BAC,Bank of America,Finance,2023,1,Jan,7.06,31.66,40464055.0,1.2
BAC,Bank of America,Finance,2023,2,Feb,-3.3,32.54,32461931.58,1.11
BAC,Bank of America,Finance,2023,3,Mar,-16.66,27.55,89608891.3,1.98
BAC,Bank of America,Finance,2023,4,Apr,2.62,26.84,54118726.32,2.18
BAC,Bank of America,Finance,2023,5,May,-4.9,25.84,47628495.45,1.83
BAC,Bank of America,Finance,2023,6,Jun,4.16,26.79,46126866.67,1.47
BAC,Bank of America,Finance,2023,7,Jul,11.21,28.41,48447335.0,1.45
BAC,Bank of America,Finance,2023,8,Aug,-9.95,27.95,35209321.74,1.47
BAC,Bank of America,Finance,2023,9,Sep,-4.5,26.59,38871560.0,1.1
BAC,Bank of America,Finance,2023,10,Oct,-3.49,24.78,55699945.45,1.42
BAC,Bank of America,Finance,2023,11,Nov,15.81,27.19,42432623.81,2.08
BAC,Bank of America,Finance,2023,12,Dec,10.23,30.68,43189755.0,1.68
BAC,Bank of America,Finance,2024,1,Jan,1.21,31.52,44483880.95,1.42
BAC,Bank of America,Finance,2024,2,Feb,2.35,31.86,37418005.0,1.44
BAC,Bank of America,Finance,2024,3,Mar,9.52,34.53,41336210.0,1.12
BAC,Bank of America,Finance,2024,4,Apr,-2.15,35.3,41111731.82,1.4
BAC,Bank of America,Finance,2024,5,May,7.91,36.83,32767527.27,1.28
BAC,Bank of America,Finance,2024,6,Jun,0.15,37.95,36672963.16,1.29
BAC,Bank of America,Finance,2024,7,Jul,1.63,40.08,39458886.36,1.4
BAC,Bank of America,Finance,2024,8,Aug,1.38,37.31,40638990.91,1.78
BAC,Bank of America,Finance,2024,9,Sep,-1.85,38.23,39745190.0,1.21
BAC,Bank of America,Finance,2024,10,Oct,5.48,40.0,31427386.96,1.38
BAC,Bank of America,Finance,2024,11,Nov,13.18,44.16,38816180.0,2.07
BAC,Bank of America,Finance,2024,12,Dec,-7.09,43.92,31055200.0,1.19
BAC,Bank of America,Finance,2025,1,Jan,5.37,44.81,36972375.0,1.28
BAC,Bank of America,Finance,2025,2,Feb,-0.25,44.67,34223163.16,1.1
BAC,Bank of America,Finance,2025,3,Mar,-8.87,40.85,44593552.38,2.12
BAC,Bank of America,Finance,2025,4,Apr,-3.04,37.11,64730180.95,3.51
BAC,Bank of America,Finance,2025,5,May,10.36,42.14,39184376.19,1.73
BAC,Bank of America,Finance,2025,6,Jun,7.66,44.55,38788420.0,1.17
BAC,Bank of America,Finance,2025,7,Jul,0.04,46.83,41199540.91,1.17
BAC,Bank of America,Finance,2025,8,Aug,7.31,46.96,34684961.9,1.38
BAC,Bank of America,Finance,2025,9,Sep,2.3,50.48,35916180.95,1.02
BAC,Bank of America,Finance,2025,10,Oct,3.85,50.65,33172630.43,1.37
BAC,Bank of America,Finance,2025,11,Nov,0.51,52.14,37480368.42,1.38
BAC,Bank of America,Finance,2025,12,Dec,3.08,54.37,36336222.73,1.01
BAC,Bank of America,Finance,2026,1,Jan,-3.1,53.51,39621875.0,1.3
BAC,Bank of America,Finance,2026,2,Feb,-6.13,53.03,44442773.68,1.61
BAC,Bank of America,Finance,2026,3,Mar,-1.83,49.48,42424380.0,1.99
CVX,Chevron,Energy,2020,1,Jan,-12.37,87.21,7351814.29,1.06
CVX,Chevron,Energy,2020,2,Feb,-12.27,81.34,8339905.26,1.47
CVX,Chevron,Energy,2020,3,Mar,-14.44,58.62,21635690.91,6.24
CVX,Chevron,Energy,2020,4,Apr,25.94,64.26,14424871.43,7.84
CVX,Chevron,Energy,2020,5,May,1.84,70.67,10344625.0,3.2
CVX,Chevron,Energy,2020,6,Jun,-1.72,72.43,9373459.09,3.02
CVX,Chevron,Energy,2020,7,Jul,-5.41,68.33,8248900.0,2.57
CVX,Chevron,Energy,2020,8,Aug,1.65,68.26,8260876.19,2.12
CVX,Chevron,Energy,2020,9,Sep,-14.93,60.87,12210804.76,1.57
CVX,Chevron,Energy,2020,10,Oct,-3.14,56.75,11416400.0,1.9
CVX,Chevron,Energy,2020,11,Nov,25.8,65.83,12081370.0,3.26
CVX,Chevron,Energy,2020,12,Dec,-2.85,70.71,10217686.36,2.98
CVX,Chevron,Energy,2021,1,Jan,1.32,72.69,10397215.79,1.72
CVX,Chevron,Energy,2021,2,Feb,17.72,75.7,10701815.79,1.95
CVX,Chevron,Energy,2021,3,Mar,5.0,86.42,13225100.0,1.73
CVX,Chevron,Energy,2021,4,Apr,-1.44,83.83,8341428.57,1.34
CVX,Chevron,Energy,2021,5,May,2.18,86.85,10471725.0,1.76
CVX,Chevron,Energy,2021,6,Jun,1.2,87.99,10184740.91,1.57
CVX,Chevron,Energy,2021,7,Jul,-2.6,83.49,9795033.33,1.6
CVX,Chevron,Energy,2021,8,Aug,-3.52,82.26,9701368.18,1.48
CVX,Chevron,Energy,2021,9,Sep,4.96,81.8,11928019.05,1.46
CVX,Chevron,Energy,2021,10,Oct,12.25,91.27,10086276.19,1.38
CVX,Chevron,Energy,2021,11,Nov,-0.11,96.03,10728538.1,1.08
CVX,Chevron,Energy,2021,12,Dec,4.06,98.07,10050150.0,1.42
CVX,Chevron,Energy,2022,1,Jan,11.53,107.48,15040595.0,1.19
CVX,Chevron,Energy,2022,2,Feb,10.53,115.32,14888315.79,1.7
CVX,Chevron,Energy,2022,3,Mar,12.91,138.96,22933513.04,2.23
CVX,Chevron,Energy,2022,4,Apr,-3.47,140.68,10011135.0,1.7
CVX,Chevron,Energy,2022,5,May,12.24,144.13,11193623.81,2.46
CVX,Chevron,Energy,2022,6,Jun,-17.99,139.12,11989866.67,2.13
CVX,Chevron,Energy,2022,7,Jul,12.96,123.96,8721730.0,2.3
CVX,Chevron,Energy,2022,8,Aug,-2.36,136.6,8064708.7,2.4
CVX,Chevron,Energy,2022,9,Sep,-9.05,133.16,10668814.29,1.74
CVX,Chevron,Energy,2022,10,Oct,23.58,143.76,8460657.14,2.54
CVX,Chevron,Energy,2022,11,Nov,2.41,159.2,7699019.05,1.68
CVX,Chevron,Energy,2022,12,Dec,-1.83,152.27,7600761.9,1.69
CVX,Chevron,Energy,2023,1,Jan,-2.71,155.08,9090090.0,1.61
CVX,Chevron,Energy,2023,2,Feb,-6.86,146.49,8686789.47,1.93
CVX,Chevron,Energy,2023,3,Mar,1.74,140.42,8954413.04,1.4
CVX,Chevron,Energy,2023,4,Apr,3.42,149.33,6892810.53,1.49
CVX,Chevron,Energy,2023,5,May,-10.0,138.41,7471140.91,1.49
CVX,Chevron,Energy,2023,6,Jun,4.53,138.69,8598785.71,1.4
CVX,Chevron,Energy,2023,7,Jul,4.12,140.06,6867155.0,1.22
CVX,Chevron,Energy,2023,8,Aug,-0.5,143.15,7185691.3,1.26
CVX,Chevron,Energy,2023,9,Sep,4.68,150.0,7660455.0,1.02
CVX,Chevron,Energy,2023,10,Oct,-14.07,144.66,10248059.09,1.49
CVX,Chevron,Energy,2023,11,Nov,-0.29,130.42,10910171.43,1.93
CVX,Chevron,Energy,2023,12,Dec,3.94,133.79,11142060.0,1.05
CVX,Chevron,Energy,2024,1,Jan,-0.99,133.07,9374004.76,1.25
CVX,Chevron,Energy,2024,2,Feb,4.3,139.37,8197180.0,1.34
CVX,Chevron,Energy,2024,3,Mar,3.8,140.79,8760250.0,1.1
CVX,Chevron,Energy,2024,4,Apr,2.33,147.73,7554818.18,0.78
CVX,Chevron,Energy,2024,5,May,1.75,148.51,6824281.82,1.06
CVX,Chevron,Energy,2024,6,Jun,-3.55,144.26,7916573.68,1.25
CVX,Chevron,Energy,2024,7,Jul,2.7,145.46,5958531.82,1.12
CVX,Chevron,Energy,2024,8,Aug,-6.75,136.13,7623527.27,1.65
CVX,Chevron,Energy,2024,9,Sep,-0.28,133.8,8516895.0,1.16
CVX,Chevron,Energy,2024,10,Oct,1.15,140.69,6149721.74,1.16
CVX,Chevron,Energy,2024,11,Nov,9.62,149.57,7722535.0,1.18
CVX,Chevron,Energy,2024,12,Dec,-10.95,142.6,9448495.24,1.21
CVX,Chevron,Energy,2025,1,Jan,3.18,146.09,8043305.0,1.21
CVX,Chevron,Energy,2025,2,Feb,7.35,147.98,6564557.89,1.52
CVX,Chevron,Energy,2025,3,Mar,5.53,152.75,9463195.24,1.41
CVX,Chevron,Energy,2025,4,Apr,-19.38,135.44,11505400.0,3.0
CVX,Chevron,Energy,2025,5,May,1.81,132.78,8515619.05,1.77
CVX,Chevron,Energy,2025,6,Jun,4.79,138.96,9721125.0,1.17
CVX,Chevron,Energy,2025,7,Jul,5.96,147.08,12151990.91,1.39
CVX,Chevron,Energy,2025,8,Aug,6.93,151.13,8005457.14,1.09
CVX,Chevron,Energy,2025,9,Sep,-3.2,154.38,7774185.71,1.16
CVX,Chevron,Energy,2025,10,Oct,1.68,150.64,6649508.7,1.05
CVX,Chevron,Energy,2025,11,Nov,-3.04,150.48,8508689.47,1.22
CVX,Chevron,Energy,2025,12,Dec,0.96,148.73,8204818.18,1.09
CVX,Chevron,Energy,2026,1,Jan,15.31,163.34,13234025.0,1.83
CVX,Chevron,Energy,2026,2,Feb,6.54,181.64,10605684.21,1.34
CVX,Chevron,Energy,2026,3,Mar,1.73,188.85,13498940.0,1.15
GOOGL,Google,Tech,2020,1,Jan,4.71,71.27,32075904.76,1.16
GOOGL,Google,Tech,2020,2,Feb,-6.3,72.59,43718736.84,1.57
GOOGL,Google,Tech,2020,3,Mar,-11.14,58.81,71396181.82,4.16
GOOGL,Google,Tech,2020,4,Apr,15.97,61.04,53534476.19,4.17
GOOGL,Google,Tech,2020,5,May,6.42,68.55,36256500.0,2.58
GOOGL,Google,Tech,2020,6,Jun,-0.68,71.04,37007272.73,1.4
GOOGL,Google,Tech,2020,7,Jul,5.09,75.2,37409000.0,1.87
GOOGL,Google,Tech,2020,8,Aug,9.24,76.67,29264952.38,1.47
GOOGL,Google,Tech,2020,9,Sep,-10.06,75.01,39839714.29,2.11
GOOGL,Google,Tech,2020,10,Oct,10.36,76.52,38860000.0,1.83
GOOGL,Google,Tech,2020,11,Nov,8.5,86.52,31595600.0,2.33
GOOGL,Google,Tech,2020,12,Dec,0.03,87.72,27665000.0,1.22
GOOGL,Google,Tech,2021,1,Jan,4.62,89.33,41666421.05,1.55
GOOGL,Google,Tech,2021,2,Feb,10.54,102.13,35701263.16,2.42
GOOGL,Google,Tech,2021,3,Mar,2.36,101.62,32899739.13,1.92
GOOGL,Google,Tech,2021,4,Apr,13.48,112.8,33445333.33,1.51
GOOGL,Google,Tech,2021,5,May,0.35,114.56,30174000.0,1.48
GOOGL,Google,Tech,2021,6,Jun,3.61,120.14,24769818.18,1.11
GOOGL,Google,Tech,2021,7,Jul,10.07,127.6,29086095.24,0.98
GOOGL,Google,Tech,2021,8,Aug,7.22,137.33,20981181.82,1.16
GOOGL,Google,Tech,2021,9,Sep,-7.76,140.12,28135238.1,1.0
GOOGL,Google,Tech,2021,10,Oct,10.54,139.06,34321809.52,1.55
GOOGL,Google,Tech,2021,11,Nov,-4.01,145.66,28970380.95,1.69
GOOGL,Google,Tech,2021,12,Dec,2.22,144.06,28167909.09,1.45
GOOGL,Google,Tech,2022,1,Jan,-6.47,134.94,38360300.0,1.5
GOOGL,Google,Tech,2022,2,Feb,0.49,135.69,48848736.84,2.6
GOOGL,Google,Tech,2022,3,Mar,3.42,133.97,31702695.65,2.26
GOOGL,Google,Tech,2022,4,Apr,-19.11,127.11,38057600.0,1.95
GOOGL,Google,Tech,2022,5,May,0.41,112.35,40497619.05,2.77
GOOGL,Google,Tech,2022,6,Jun,-3.62,111.59,36702571.43,2.59
GOOGL,Google,Tech,2022,7,Jul,7.41,111.81,39476485.0,2.73
GOOGL,Google,Tech,2022,8,Aug,-6.83,115.39,22428378.26,2.45
GOOGL,Google,Tech,2022,9,Sep,-11.92,102.56,29203757.14,2.04
GOOGL,Google,Tech,2022,10,Oct,-0.31,98.14,32451823.81,2.15
GOOGL,Google,Tech,2022,11,Nov,7.59,93.2,34120128.57,3.39
GOOGL,Google,Tech,2022,12,Dec,-13.16,91.62,28720371.43,2.23
GOOGL,Google,Tech,2023,1,Jan,11.8,92.34,33644890.0,1.89
GOOGL,Google,Tech,2023,2,Feb,-8.36,95.69,50135800.0,3.15
GOOGL,Google,Tech,2023,3,Mar,14.59,97.32,37388430.43,2.06
GOOGL,Google,Tech,2023,4,Apr,3.7,104.92,31795068.42,1.9
GOOGL,Google,Tech,2023,5,May,13.87,115.25,37300509.09,1.77
GOOGL,Google,Tech,2023,6,Jun,-2.38,121.61,31278661.9,1.55
GOOGL,Google,Tech,2023,7,Jul,10.75,122.13,35417095.0,1.72
GOOGL,Google,Tech,2023,8,Aug,2.79,129.57,25796913.04,1.79
GOOGL,Google,Tech,2023,9,Sep,-3.82,133.3,23879965.0,1.26
GOOGL,Google,Tech,2023,10,Oct,-4.63,133.17,30943077.27,1.74
GOOGL,Google,Tech,2023,11,Nov,6.73,132.38,25487300.0,2.11
GOOGL,Google,Tech,2023,12,Dec,5.51,134.56,30999780.0,1.59
GOOGL,Google,Tech,2024,1,Jan,0.73,142.76,27708142.86,1.25
GOOGL,Google,Tech,2024,2,Feb,-0.94,141.76,32381190.0,2.07
GOOGL,Google,Tech,2024,3,Mar,8.9,141.38,33635785.0,1.77
GOOGL,Google,Tech,2024,4,Apr,8.34,156.01,29993109.09,1.71
GOOGL,Google,Tech,2024,5,May,5.92,170.71,24653931.82,2.32
GOOGL,Google,Tech,2024,6,Jun,5.68,176.6,24216247.37,1.01
GOOGL,Google,Tech,2024,7,Jul,-5.64,179.44,23914922.73,1.47
GOOGL,Google,Tech,2024,8,Aug,-4.61,162.53,25033613.64,1.85
GOOGL,Google,Tech,2024,9,Sep,1.89,157.35,26627155.0,1.62
GOOGL,Google,Tech,2024,10,Oct,3.3,164.57,24752569.57,1.09
GOOGL,Google,Tech,2024,11,Nov,-0.91,172.7,26495965.0,1.68
GOOGL,Google,Tech,2024,12,Dec,12.03,186.0,30743342.86,2.21
GOOGL,Google,Tech,2025,1,Jan,7.78,194.57,25016730.0,1.77
GOOGL,Google,Tech,2025,2,Feb,-17.57,183.6,33125100.0,2.33
GOOGL,Google,Tech,2025,3,Mar,-9.0,164.86,34864395.24,1.91
GOOGL,Google,Tech,2025,4,Apr,3.57,154.13,40126109.52,2.96
GOOGL,Google,Tech,2025,5,May,8.42,163.93,44880676.19,2.59
GOOGL,Google,Tech,2025,6,Jun,3.01,172.24,42369120.0,1.77
GOOGL,Google,Tech,2025,7,Jul,8.67,184.65,39096109.09,1.45
GOOGL,Google,Tech,2025,8,Aug,10.58,201.78,29408138.1,1.32
GOOGL,Google,Tech,2025,9,Sep,13.92,242.34,39498357.14,2.25
GOOGL,Google,Tech,2025,10,Oct,14.91,254.0,31720691.3,1.48
GOOGL,Google,Tech,2025,11,Nov,13.57,292.74,45014647.37,2.06
GOOGL,Google,Tech,2025,12,Dec,-2.0,312.46,30827668.18,2.04
GOOGL,Google,Tech,2026,1,Jan,7.82,328.87,31079320.0,1.21
GOOGL,Google,Tech,2026,2,Feb,-7.83,316.67,42581257.89,1.38
GOOGL,Google,Tech,2026,3,Mar,-4.31,302.53,32224380.0,1.51
GS,Goldman Sachs,Finance,2020,1,Jan,1.63,208.5,3372933.33,1.35
GS,Goldman Sachs,Finance,2020,2,Feb,-15.99,199.41,3247963.16,1.37
GS,Goldman Sachs,Finance,2020,3,Mar,-19.09,145.7,6082190.91,5.71
GS,Goldman Sachs,Finance,2020,4,Apr,18.41,150.85,4047242.86,5.88
GS,Goldman Sachs,Finance,2020,5,May,8.69,158.83,3441925.0,2.79
GS,Goldman Sachs,Finance,2020,6,Jun,1.91,179.29,3520713.64,3.59
GS,Goldman Sachs,Finance,2020,7,Jul,0.66,179.07,3836890.91,3.15
GS,Goldman Sachs,Finance,2020,8,Aug,4.18,179.78,2693800.0,1.34
GS,Goldman Sachs,Finance,2020,9,Sep,-1.51,175.21,3765433.33,1.61
GS,Goldman Sachs,Finance,2020,10,Oct,-5.85,178.27,3266395.45,1.79
GS,Goldman Sachs,Finance,2020,11,Nov,20.39,191.63,3056950.0,2.16
GS,Goldman Sachs,Finance,2020,12,Dec,14.36,217.64,2613454.55,1.81
GS,Goldman Sachs,Finance,2021,1,Jan,3.18,253.79,3866652.63,2.06
GS,Goldman Sachs,Finance,2021,2,Feb,16.7,270.36,2968289.47,1.81
GS,Goldman Sachs,Finance,2021,3,Mar,3.01,297.55,3028852.17,1.69
GS,Goldman Sachs,Finance,2021,4,Apr,6.56,298.25,3047638.1,1.35
GS,Goldman Sachs,Finance,2021,5,May,7.09,322.28,2726715.0,1.5
GS,Goldman Sachs,Finance,2021,6,Jun,2.28,332.21,2793586.36,1.48
GS,Goldman Sachs,Finance,2021,7,Jul,-0.95,330.65,2557623.81,1.74
GS,Goldman Sachs,Finance,2021,8,Aug,10.5,358.03,2182359.09,1.43
GS,Goldman Sachs,Finance,2021,9,Sep,-8.73,355.11,2428076.19,1.25
GS,Goldman Sachs,Finance,2021,10,Oct,9.15,357.4,2498128.57,1.68
GS,Goldman Sachs,Finance,2021,11,Nov,-7.91,358.95,2429757.14,1.36
GS,Goldman Sachs,Finance,2021,12,Dec,1.24,347.81,2458086.36,1.76
GS,Goldman Sachs,Finance,2022,1,Jan,-7.02,333.67,4303510.0,2.06
GS,Goldman Sachs,Finance,2022,2,Feb,-3.6,321.53,2907726.32,1.86
GS,Goldman Sachs,Finance,2022,3,Mar,-2.39,301.79,2962873.91,1.86
GS,Goldman Sachs,Finance,2022,4,Apr,-7.37,291.63,3027220.0,1.55
GS,Goldman Sachs,Finance,2022,5,May,7.73,282.52,2421271.43,2.13
GS,Goldman Sachs,Finance,2022,6,Jun,-9.01,272.57,2657252.38,2.07
GS,Goldman Sachs,Finance,2022,7,Jul,11.98,280.07,2681885.0,2.2
GS,Goldman Sachs,Finance,2022,8,Aug,0.72,310.99,1802121.74,1.59
GS,Goldman Sachs,Finance,2022,9,Sep,-12.31,293.17,1949828.57,1.51
GS,Goldman Sachs,Finance,2022,10,Oct,16.68,288.69,2383961.9,2.28
GS,Goldman Sachs,Finance,2022,11,Nov,12.27,342.96,2577290.48,1.49
GS,Goldman Sachs,Finance,2022,12,Dec,-11.55,327.93,2022904.76,1.33
GS,Goldman Sachs,Finance,2023,1,Jan,6.72,326.37,3630115.0,1.62
GS,Goldman Sachs,Finance,2023,2,Feb,-3.8,339.42,2296110.53,1.51
GS,Goldman Sachs,Finance,2023,3,Mar,-6.01,303.68,3115791.3,1.9
GS,Goldman Sachs,Finance,2023,4,Apr,4.96,310.08,2204000.0,1.36
GS,Goldman Sachs,Finance,2023,5,May,-4.91,303.04,1820590.91,1.23
GS,Goldman Sachs,Finance,2023,6,Jun,-0.18,306.27,2595000.0,1.47
GS,Goldman Sachs,Finance,2023,7,Jul,10.05,315.33,2669000.0,1.48
GS,Goldman Sachs,Finance,2023,8,Aug,-7.27,314.17,1706786.96,1.19
GS,Goldman Sachs,Finance,2023,9,Sep,-1.13,311.58,1712605.0,1.14
GS,Goldman Sachs,Finance,2023,10,Oct,-6.09,288.68,2231863.64,1.36
GS,Goldman Sachs,Finance,2023,11,Nov,12.84,312.95,1966676.19,1.7
GS,Goldman Sachs,Finance,2023,12,Dec,12.48,349.5,2206490.0,1.49
GS,Goldman Sachs,Finance,2024,1,Jan,-0.36,363.79,2506347.62,1.21
GS,Goldman Sachs,Finance,2024,2,Feb,2.15,368.26,2217435.0,1.15
GS,Goldman Sachs,Finance,2024,3,Mar,7.29,379.24,2299915.0,1.09
GS,Goldman Sachs,Finance,2024,4,Apr,2.38,393.85,2485677.27,1.55
GS,Goldman Sachs,Finance,2024,5,May,7.48,435.58,2206531.82,1.19
GS,Goldman Sachs,Finance,2024,6,Jun,-0.77,437.2,2052252.63,1.08
GS,Goldman Sachs,Finance,2024,7,Jul,12.05,467.72,2384463.64,1.41
GS,Goldman Sachs,Finance,2024,8,Aug,1.21,476.74,2018277.27,2.01
GS,Goldman Sachs,Finance,2024,9,Sep,-2.65,473.39,1950845.0,1.78
GS,Goldman Sachs,Finance,2024,10,Oct,4.66,497.38,1821269.57,1.34
GS,Goldman Sachs,Finance,2024,11,Nov,17.13,565.99,2458130.0,2.98
GS,Goldman Sachs,Finance,2024,12,Dec,-5.39,568.04,1856261.9,1.49
GS,Goldman Sachs,Finance,2025,1,Jan,11.5,593.52,2660475.0,1.71
GS,Goldman Sachs,Finance,2025,2,Feb,-2.11,625.09,2503942.11,1.51
GS,Goldman Sachs,Finance,2025,3,Mar,-12.41,548.09,3015404.76,2.29
GS,Goldman Sachs,Finance,2025,4,Apr,2.05,505.09,3552271.43,3.94
GS,Goldman Sachs,Finance,2025,5,May,10.02,578.34,2306547.62,2.14
GS,Goldman Sachs,Finance,2025,6,Jun,16.64,625.51,2131440.0,1.32
GS,Goldman Sachs,Finance,2025,7,Jul,2.36,702.0,2182722.73,1.32
GS,Goldman Sachs,Finance,2025,8,Aug,3.7,720.92,1655123.81,1.35
GS,Goldman Sachs,Finance,2025,9,Sep,6.8,771.45,1773733.33,1.41
GS,Goldman Sachs,Finance,2025,10,Oct,-0.59,767.9,2129186.96,1.34
GS,Goldman Sachs,Finance,2025,11,Nov,4.82,787.04,1980736.84,1.69
GS,Goldman Sachs,Finance,2025,12,Dec,6.93,871.21,2057613.64,1.61
GS,Goldman Sachs,Finance,2026,1,Jan,6.62,936.83,2490210.0,1.84
GS,Goldman Sachs,Finance,2026,2,Feb,-7.75,914.02,2599321.05,2.05
GS,Goldman Sachs,Finance,2026,3,Mar,-3.93,849.68,2860580.0,2.67
JPM,JP Morgan Chase,Finance,2020,1,Jan,-5.59,115.78,11809090.48,1.24
JPM,JP Morgan Chase,Finance,2020,2,Feb,-12.72,113.47,12669194.74,1.34
JPM,JP Morgan Chase,Finance,2020,3,Mar,-18.22,82.18,33378668.18,5.97
JPM,JP Morgan Chase,Finance,2020,4,Apr,9.19,78.93,25330390.48,6.32
JPM,JP Morgan Chase,Finance,2020,5,May,2.6,78.52,24892930.0,3.29
JPM,JP Morgan Chase,Finance,2020,6,Jun,-2.24,86.3,24364345.45,3.51
JPM,JP Morgan Chase,Finance,2020,7,Jul,4.08,83.76,19664245.45,2.5
JPM,JP Morgan Chase,Finance,2020,8,Aug,3.9,86.38,15224095.24,1.63
JPM,JP Morgan Chase,Finance,2020,9,Sep,-3.69,85.1,18604828.57,1.8
JPM,JP Morgan Chase,Finance,2020,10,Oct,3.03,87.36,14789368.18,1.58
JPM,JP Morgan Chase,Finance,2020,11,Nov,19.75,99.15,16690155.0,3.23
JPM,JP Morgan Chase,Finance,2020,12,Dec,7.71,106.74,12461059.09,2.08
JPM,JP Morgan Chase,Finance,2021,1,Jan,2.27,117.98,16767494.74,1.67
JPM,JP Morgan Chase,Finance,2021,2,Feb,13.65,125.58,12065542.11,1.52
JPM,JP Morgan Chase,Finance,2021,3,Mar,3.62,134.78,17365952.17,1.43
JPM,JP Morgan Chase,Finance,2021,4,Apr,1.77,135.2,13747342.86,1.3
JPM,JP Morgan Chase,Finance,2021,5,May,6.7,142.55,12447885.0,1.27
JPM,JP Morgan Chase,Finance,2021,6,Jun,-5.28,139.72,16214695.45,1.12
JPM,JP Morgan Chase,Finance,2021,7,Jul,-1.63,136.3,13360547.62,1.49
JPM,JP Morgan Chase,Finance,2021,8,Aug,5.39,140.38,9458440.91,1.3
JPM,JP Morgan Chase,Finance,2021,9,Sep,2.52,142.27,11180528.57,1.16
JPM,JP Morgan Chase,Finance,2021,10,Oct,4.51,150.7,11032419.05,1.51
JPM,JP Morgan Chase,Finance,2021,11,Nov,-6.59,148.87,9690400.0,1.08
JPM,JP Morgan Chase,Finance,2021,12,Dec,-0.16,142.16,11453018.18,1.38
JPM,JP Morgan Chase,Finance,2022,1,Jan,-5.28,140.94,18697510.0,1.79
JPM,JP Morgan Chase,Finance,2022,2,Feb,-4.38,136.6,15196321.05,1.73
JPM,JP Morgan Chase,Finance,2022,3,Mar,-3.39,123.29,16991165.22,2.27
JPM,JP Morgan Chase,Finance,2022,4,Apr,-12.24,117.13,15182520.0,1.61
JPM,JP Morgan Chase,Finance,2022,5,May,10.71,111.66,14934780.95,2.04
JPM,JP Morgan Chase,Finance,2022,6,Jun,-15.68,108.96,12771519.05,2.07
JPM,JP Morgan Chase,Finance,2022,7,Jul,3.58,104.02,11981155.0,1.81
JPM,JP Morgan Chase,Finance,2022,8,Aug,-1.13,107.23,11236100.0,1.62
JPM,JP Morgan Chase,Finance,2022,9,Sep,-8.17,103.93,11836100.0,1.61
JPM,JP Morgan Chase,Finance,2022,10,Oct,20.22,106.08,15152247.62,2.42
JPM,JP Morgan Chase,Finance,2022,11,Nov,9.54,122.95,10820404.76,1.76
JPM,JP Morgan Chase,Finance,2022,12,Dec,-2.87,122.32,9621238.1,1.3
JPM,JP Morgan Chase,Finance,2023,1,Jan,5.17,128.64,10498260.0,1.11
JPM,JP Morgan Chase,Finance,2023,2,Feb,2.48,131.73,8924357.89,1.1
JPM,JP Morgan Chase,Finance,2023,3,Mar,-8.89,123.24,19933669.57,1.95
JPM,JP Morgan Chase,Finance,2023,4,Apr,7.04,126.33,12782368.42,2.03
JPM,JP Morgan Chase,Finance,2023,5,May,-1.67,128.41,10695731.82,1.65
JPM,JP Morgan Chase,Finance,2023,6,Jun,7.07,132.26,9836295.24,1.06
JPM,JP Morgan Chase,Finance,2023,7,Jul,9.05,143.33,11563050.0,1.12
JPM,JP Morgan Chase,Finance,2023,8,Aug,-7.55,143.05,7360860.87,0.95
JPM,JP Morgan Chase,Finance,2023,9,Sep,-0.82,138.41,8611965.0,0.87
JPM,JP Morgan Chase,Finance,2023,10,Oct,-3.31,136.33,11091500.0,0.95
JPM,JP Morgan Chase,Finance,2023,11,Nov,11.62,141.7,7723495.24,1.14
JPM,JP Morgan Chase,Finance,2023,12,Dec,8.67,155.61,9238455.0,0.66
JPM,JP Morgan Chase,Finance,2024,1,Jan,3.17,163.73,11031276.19,0.72
JPM,JP Morgan Chase,Finance,2024,2,Feb,6.55,171.16,7736545.0,0.85
JPM,JP Morgan Chase,Finance,2024,3,Mar,7.48,184.07,8312795.0,0.79
JPM,JP Morgan Chase,Finance,2024,4,Apr,-3.48,184.5,10215868.18,1.45
JPM,JP Morgan Chase,Finance,2024,5,May,5.74,190.53,8904563.64,1.38
JPM,JP Morgan Chase,Finance,2024,6,Jun,-0.06,190.22,9202521.05,1.39
JPM,JP Morgan Chase,Finance,2024,7,Jul,5.84,202.88,8974809.09,1.23
JPM,JP Morgan Chase,Finance,2024,8,Aug,5.73,204.78,7837995.45,1.67
JPM,JP Morgan Chase,Finance,2024,9,Sep,-6.14,204.48,10324380.0,1.45
JPM,JP Morgan Chase,Finance,2024,10,Oct,5.96,213.08,7753800.0,1.44
JPM,JP Morgan Chase,Finance,2024,11,Nov,12.59,234.64,9442565.0,2.67
JPM,JP Morgan Chase,Finance,2024,12,Dec,-3.95,234.99,8631723.81,1.32
JPM,JP Morgan Chase,Finance,2025,1,Jan,11.52,249.73,10491340.0,1.12
JPM,JP Morgan Chase,Finance,2025,2,Feb,-0.78,264.25,8243931.58,1.12
JPM,JP Morgan Chase,Finance,2025,3,Mar,-7.2,236.73,12627709.52,1.86
JPM,JP Morgan Chase,Finance,2025,4,Apr,1.46,230.45,13684666.67,3.11
JPM,JP Morgan Chase,Finance,2025,5,May,7.77,255.92,7862980.95,1.6
JPM,JP Morgan Chase,Finance,2025,6,Jun,9.46,269.05,8718070.0,0.95
JPM,JP Morgan Chase,Finance,2025,7,Jul,2.78,288.94,9026963.64,1.18
JPM,JP Morgan Chase,Finance,2025,8,Aug,1.85,290.46,7087066.67,1.09
JPM,JP Morgan Chase,Finance,2025,9,Sep,4.65,304.67,8693442.86,1.06
JPM,JP Morgan Chase,Finance,2025,10,Oct,-0.7,302.42,8236078.26,1.09
JPM,JP Morgan Chase,Finance,2025,11,Nov,0.8,306.25,7906247.37,1.27
JPM,JP Morgan Chase,Finance,2025,12,Dec,3.15,315.76,9618890.91,1.64
JPM,JP Morgan Chase,Finance,2026,1,Jan,-4.47,313.13,12173695.0,1.58
JPM,JP Morgan Chase,Finance,2026,2,Feb,-1.49,308.88,10688057.89,1.77
JPM,JP Morgan Chase,Finance,2026,3,Mar,-3.63,296.05,10613300.0,1.89
MS,Morgan Stanley,Finance,2020,1,Jan,1.49,44.26,10799614.29,2.11
MS,Morgan Stanley,Finance,2020,2,Feb,-14.39,44.03,16398847.37,2.01
MS,Morgan Stanley,Finance,2020,3,Mar,-19.48,30.05,26430731.82,6.26
MS,Morgan Stanley,Finance,2020,4,Apr,17.36,31.66,16499580.95,6.7
MS,Morgan Stanley,Finance,2020,5,May,12.99,33.67,12626940.0,3.14
MS,Morgan Stanley,Finance,2020,6,Jun,9.82,40.01,13485690.91,3.77
MS,Morgan Stanley,Finance,2020,7,Jul,2.34,42.08,12075968.18,2.46
MS,Morgan Stanley,Finance,2020,8,Aug,6.85,43.39,7275366.67,1.52
MS,Morgan Stanley,Finance,2020,9,Sep,-7.36,42.16,9627704.76,1.65
MS,Morgan Stanley,Finance,2020,10,Oct,0.73,42.04,16113840.91,1.95
MS,Morgan Stanley,Finance,2020,11,Nov,25.83,48.65,12402345.0,2.49
MS,Morgan Stanley,Finance,2020,12,Dec,10.65,55.74,9276527.27,2.2
MS,Morgan Stanley,Finance,2021,1,Jan,-1.24,62.3,13677042.11,1.98
MS,Morgan Stanley,Finance,2021,2,Feb,13.98,63.96,10477626.32,2.05
MS,Morgan Stanley,Finance,2021,3,Mar,1.32,69.63,11370895.65,1.6
MS,Morgan Stanley,Finance,2021,4,Apr,6.81,68.72,10945161.9,1.58
MS,Morgan Stanley,Finance,2021,5,May,9.91,74.72,9747255.0,1.68
MS,Morgan Stanley,Finance,2021,6,Jun,1.12,77.53,9364513.64,1.38
MS,Morgan Stanley,Finance,2021,7,Jul,5.63,80.1,10140838.1,1.91
MS,Morgan Stanley,Finance,2021,8,Aug,8.58,88.16,7256172.73,1.34
MS,Morgan Stanley,Finance,2021,9,Sep,-6.77,88.76,8545709.52,1.19
MS,Morgan Stanley,Finance,2021,10,Oct,6.36,87.1,7949185.71,1.78
MS,Morgan Stanley,Finance,2021,11,Nov,-7.76,86.98,9262171.43,1.4
MS,Morgan Stanley,Finance,2021,12,Dec,3.78,86.26,8648086.36,1.91
MS,Morgan Stanley,Finance,2022,1,Jan,5.59,88.19,13500530.0,2.07
MS,Morgan Stanley,Finance,2022,2,Feb,-11.78,88.39,10666752.63,2.0
MS,Morgan Stanley,Finance,2022,3,Mar,-3.1,78.39,10969995.65,2.44
MS,Morgan Stanley,Finance,2022,4,Apr,-6.84,74.77,9914295.0,1.95
MS,Morgan Stanley,Finance,2022,5,May,7.2,72.96,8211023.81,2.41
MS,Morgan Stanley,Finance,2022,6,Jun,-11.95,69.65,8322133.33,2.12
MS,Morgan Stanley,Finance,2022,7,Jul,11.53,70.21,7940490.0,1.98
MS,Morgan Stanley,Finance,2022,8,Aug,1.31,78.65,6628439.13,1.44
MS,Morgan Stanley,Finance,2022,9,Sep,-7.23,76.31,8707219.05,1.63
MS,Morgan Stanley,Finance,2022,10,Oct,5.5,71.25,8143057.14,2.33
MS,Morgan Stanley,Finance,2022,11,Nov,12.8,79.7,6243709.52,2.03
MS,Morgan Stanley,Finance,2022,12,Dec,-8.8,79.46,6947490.48,1.66
MS,Morgan Stanley,Finance,2023,1,Jan,14.64,83.79,8437140.0,1.58
MS,Morgan Stanley,Finance,2023,2,Feb,-0.79,89.84,6378042.11,1.28
MS,Morgan Stanley,Finance,2023,3,Mar,-8.86,81.55,8924456.52,1.73
MS,Morgan Stanley,Finance,2023,4,Apr,3.48,79.86,6817063.16,1.76
MS,Morgan Stanley,Finance,2023,5,May,-9.28,76.74,6846309.09,1.57
MS,Morgan Stanley,Finance,2023,6,Jun,4.52,78.74,7180761.9,1.46
MS,Morgan Stanley,Finance,2023,7,Jul,8.19,81.98,8398565.0,1.51
MS,Morgan Stanley,Finance,2023,8,Aug,-7.18,80.08,5702260.87,1.11
MS,Morgan Stanley,Finance,2023,9,Sep,-3.99,78.84,6970025.0,1.15
MS,Morgan Stanley,Finance,2023,10,Oct,-12.57,70.46,10290927.27,1.67
MS,Morgan Stanley,Finance,2023,11,Nov,11.7,72.34,8104200.0,2.05
MS,Morgan Stanley,Finance,2023,12,Dec,16.49,82.18,8157005.0,1.67
MS,Morgan Stanley,Finance,2024,1,Jan,-5.49,83.49,9761166.67,1.54
MS,Morgan Stanley,Finance,2024,2,Feb,-1.26,81.37,7176990.0,1.21
MS,Morgan Stanley,Finance,2024,3,Mar,9.36,84.75,9969845.0,1.65
MS,Morgan Stanley,Finance,2024,4,Apr,-2.38,86.71,7695445.45,1.68
MS,Morgan Stanley,Finance,2024,5,May,7.54,93.49,5551518.18,1.21
MS,Morgan Stanley,Finance,2024,6,Jun,-0.6,92.42,5688294.74,0.84
MS,Morgan Stanley,Finance,2024,7,Jul,7.09,98.49,7473581.82,1.11
MS,Morgan Stanley,Finance,2024,8,Aug,0.79,95.45,5190318.18,2.0
MS,Morgan Stanley,Finance,2024,9,Sep,0.86,96.76,5836750.0,1.54
MS,Morgan Stanley,Finance,2024,10,Oct,12.08,109.65,6402808.7,1.51
MS,Morgan Stanley,Finance,2024,11,Nov,13.2,126.48,7074595.0,2.82
MS,Morgan Stanley,Finance,2024,12,Dec,-4.33,123.66,5867500.0,1.51
MS,Morgan Stanley,Finance,2025,1,Jan,10.63,129.01,7497295.0,1.86
MS,Morgan Stanley,Finance,2025,2,Feb,-3.65,133.09,5632278.95,1.53
MS,Morgan Stanley,Finance,2025,3,Mar,-12.37,116.45,8416023.81,2.57
MS,Morgan Stanley,Finance,2025,4,Apr,1.49,107.99,9314695.24,3.98
MS,Morgan Stanley,Finance,2025,5,May,10.68,124.1,5998376.19,2.14
MS,Morgan Stanley,Finance,2025,6,Jun,9.65,131.27,5455745.0,1.26
MS,Morgan Stanley,Finance,2025,7,Jul,1.92,140.42,5620695.45,0.99
MS,Morgan Stanley,Finance,2025,8,Aug,5.65,144.36,4453028.57,1.18
MS,Morgan Stanley,Finance,2025,9,Sep,5.61,154.84,5622128.57,1.11
MS,Morgan Stanley,Finance,2025,10,Oct,4.05,158.49,5785695.65,1.46
MS,Morgan Stanley,Finance,2025,11,Nov,3.63,163.89,5636094.74,1.53
MS,Morgan Stanley,Finance,2025,12,Dec,4.66,177.05,5124681.82,1.38
MS,Morgan Stanley,Finance,2026,1,Jan,3.31,184.1,7075730.0,1.66
MS,Morgan Stanley,Finance,2026,2,Feb,-8.62,175.33,8293752.63,2.07
MS,Morgan Stanley,Finance,2026,3,Mar,-3.76,164.67,7467220.0,2.68
MSFT,Microsoft,Tech,2020,1,Jan,5.98,155.36,26596666.67,1.3
MSFT,Microsoft,Tech,2020,2,Feb,-4.03,169.49,46711700.0,1.75
MSFT,Microsoft,Tech,2020,3,Mar,2.38,144.91,73304340.91,5.43
MSFT,Microsoft,Tech,2020,4,Apr,13.64,160.57,46890714.29,4.75
MSFT,Microsoft,Tech,2020,5,May,2.68,173.38,34442250.0,2.09
MSFT,Microsoft,Tech,2020,6,Jun,10.92,183.56,34771154.55,1.61
MSFT,Microsoft,Tech,2020,7,Jul,1.09,197.25,35008672.73,1.87
MSFT,Microsoft,Tech,2020,8,Aug,10.17,204.4,32972566.67,2.09
MSFT,Microsoft,Tech,2020,9,Sep,-6.28,199.38,36579823.81,2.45
MSFT,Microsoft,Tech,2020,10,Oct,-3.4,203.28,28709909.09,1.91
MSFT,Microsoft,Tech,2020,11,Nov,6.18,204.68,28672150.0,2.18
MSFT,Microsoft,Tech,2020,12,Dec,3.94,208.67,27034622.73,1.15
MSFT,Microsoft,Tech,2021,1,Jan,4.5,212.51,34109284.21,1.45
MSFT,Microsoft,Tech,2021,2,Feb,0.57,230.05,25840115.79,1.55
MSFT,Microsoft,Tech,2021,3,Mar,1.75,224.22,31519382.61,1.57
MSFT,Microsoft,Tech,2021,4,Apr,6.92,245.24,27079123.81,1.43
MSFT,Microsoft,Tech,2021,5,May,-0.58,237.61,24754245.0,1.33
MSFT,Microsoft,Tech,2021,6,Jun,8.25,249.12,23116918.18,1.08
MSFT,Microsoft,Tech,2021,7,Jul,5.13,270.74,24889176.19,0.87
MSFT,Microsoft,Tech,2021,8,Aug,6.08,283.32,20059495.45,0.83
MSFT,Microsoft,Tech,2021,9,Sep,-6.69,286.07,23948509.52,0.98
MSFT,Microsoft,Tech,2021,10,Oct,16.48,292.5,24595990.48,1.47
MSFT,Microsoft,Tech,2021,11,Nov,-0.01,323.91,24280247.62,1.16
MSFT,Microsoft,Tech,2021,12,Dec,2.02,321.29,28439763.64,1.56
MSFT,Microsoft,Tech,2022,1,Jan,-7.45,298.05,47376570.0,1.76
MSFT,Microsoft,Tech,2022,2,Feb,-3.34,288.63,36686873.68,2.08
MSFT,Microsoft,Tech,2022,3,Mar,3.62,286.1,31927573.91,2.29
MSFT,Microsoft,Tech,2022,4,Apr,-9.88,279.39,31367170.0,1.99
MSFT,Microsoft,Tech,2022,5,May,-1.22,258.28,35376285.71,2.74
MSFT,Microsoft,Tech,2022,6,Jun,-5.16,251.62,29589157.14,2.18
MSFT,Microsoft,Tech,2022,7,Jul,9.38,254.25,26744590.0,2.07
MSFT,Microsoft,Tech,2022,8,Aug,-6.64,272.31,20745982.61,1.99
MSFT,Microsoft,Tech,2022,9,Sep,-11.23,240.7,27408885.71,1.68
MSFT,Microsoft,Tech,2022,10,Oct,0.62,230.33,31963100.0,2.38
MSFT,Microsoft,Tech,2022,11,Nov,10.55,230.88,29299809.52,3.1
MSFT,Microsoft,Tech,2022,12,Dec,-5.92,239.36,28159938.1,2.17
MSFT,Microsoft,Tech,2023,1,Jan,3.68,231.21,33308405.0,1.94
MSFT,Microsoft,Tech,2023,2,Feb,1.3,253.35,32394789.47,2.14
MSFT,Microsoft,Tech,2023,3,Mar,14.82,260.57,32505869.57,1.71
MSFT,Microsoft,Tech,2023,4,Apr,6.82,281.96,29027368.42,1.63
MSFT,Microsoft,Tech,2023,5,May,7.05,307.55,27311677.27,1.87
MSFT,Microsoft,Tech,2023,6,Jun,3.87,327.63,26081057.14,1.52
MSFT,Microsoft,Tech,2023,7,Jul,-1.06,334.52,33337340.0,1.55
MSFT,Microsoft,Tech,2023,8,Aug,-2.12,318.02,20846791.3,1.51
MSFT,Microsoft,Tech,2023,9,Sep,-3.59,319.87,20837115.0,1.15
MSFT,Microsoft,Tech,2023,10,Oct,7.13,322.72,24588645.45,1.41
MSFT,Microsoft,Tech,2023,11,Nov,11.77,361.77,26852095.24,1.45
MSFT,Microsoft,Tech,2023,12,Dec,-0.68,366.27,26104085.0,1.1
MSFT,Microsoft,Tech,2024,1,Jan,5.7,382.85,25166247.62,0.87
MSFT,Microsoft,Tech,2024,2,Feb,4.3,402.48,22204560.0,1.27
MSFT,Microsoft,Tech,2024,3,Mar,1.87,410.49,21322265.0,1.33
MSFT,Microsoft,Tech,2024,4,Apr,-7.54,407.02,20049263.64,1.12
MSFT,Microsoft,Tech,2024,5,May,6.75,411.64,18808181.82,1.4
MSFT,Microsoft,Tech,2024,6,Jun,7.46,432.49,17985110.53,1.11
MSFT,Microsoft,Tech,2024,7,Jul,-6.37,439.4,20020418.18,1.15
MSFT,Microsoft,Tech,2024,8,Aug,0.05,407.43,20541772.73,1.43
MSFT,Microsoft,Tech,2024,9,Sep,3.24,419.33,18844905.0,1.12
MSFT,Microsoft,Tech,2024,10,Oct,-5.44,414.9,19162847.83,1.02
MSFT,Microsoft,Tech,2024,11,Nov,4.46,414.34,22115310.0,1.69
MSFT,Microsoft,Tech,2024,12,Dec,-0.31,435.2,20947733.33,1.17
MSFT,Microsoft,Tech,2025,1,Jan,-1.11,424.3,23125060.0,1.39
MSFT,Microsoft,Tech,2025,2,Feb,-4.16,404.47,22760468.42,1.88
MSFT,Microsoft,Tech,2025,3,Mar,-5.33,384.7,23418409.52,1.47
MSFT,Microsoft,Tech,2025,4,Apr,6.01,375.36,26816385.71,2.55
MSFT,Microsoft,Tech,2025,5,May,15.82,445.17,22711542.86,2.3
MSFT,Microsoft,Tech,2025,6,Jun,7.8,475.79,20062755.0,0.81
MSFT,Microsoft,Tech,2025,7,Jul,7.13,503.37,18040086.36,0.77
MSFT,Microsoft,Tech,2025,8,Aug,-4.88,513.63,21661357.14,1.28
MSFT,Microsoft,Tech,2025,9,Sep,2.3,505.85,20191690.48,0.93
MSFT,Microsoft,Tech,2025,10,Oct,0.12,519.04,20367260.87,0.97
MSFT,Microsoft,Tech,2025,11,Nov,-4.76,495.02,25235826.32,1.29
MSFT,Microsoft,Tech,2025,12,Dec,-1.59,482.76,22570840.91,1.32
MSFT,Microsoft,Tech,2026,1,Jan,-10.93,463.99,34203130.0,1.28
MSFT,Microsoft,Tech,2026,2,Feb,-8.49,401.45,42118805.26,2.87
MSFT,Microsoft,Tech,2026,3,Mar,4.08,405.46,35913680.0,1.96
XOM,ExxonMobil,Energy,2020,1,Jan,-13.04,50.99,17101614.29,1.19
XOM,ExxonMobil,Energy,2020,2,Feb,-16.8,44.55,25256573.68,1.79
XOM,ExxonMobil,Energy,2020,3,Mar,-25.6,30.68,53239872.73,4.92
XOM,ExxonMobil,Energy,2020,4,Apr,21.89,32.25,37690814.29,5.26
XOM,ExxonMobil,Energy,2020,5,May,0.86,34.36,23858480.0,3.82
XOM,ExxonMobil,Energy,2020,6,Jun,-0.26,37.02,26590000.0,3.57
XOM,ExxonMobil,Energy,2020,7,Jul,-5.47,33.76,20324445.45,2.59
XOM,ExxonMobil,Energy,2020,8,Aug,-2.96,33.35,21391276.19,2.04
XOM,ExxonMobil,Energy,2020,9,Sep,-14.78,29.14,28133504.76,1.67
XOM,ExxonMobil,Energy,2020,10,Oct,-4.45,26.7,28656063.64,2.18
XOM,ExxonMobil,Energy,2020,11,Nov,19.81,29.72,35198010.0,3.62
XOM,ExxonMobil,Energy,2020,12,Dec,8.22,34.01,27445204.55,3.22
XOM,ExxonMobil,Energy,2021,1,Jan,9.01,37.79,31304426.32,2.13
XOM,ExxonMobil,Energy,2021,2,Feb,21.49,42.2,28629421.05,2.36
XOM,ExxonMobil,Energy,2021,3,Mar,3.18,48.03,34381956.52,2.27
XOM,ExxonMobil,Energy,2021,4,Apr,2.75,46.63,21802447.62,1.62
XOM,ExxonMobil,Energy,2021,5,May,3.73,49.98,26065105.0,1.84
XOM,ExxonMobil,Energy,2021,6,Jun,8.13,52.4,23929850.0,1.77
XOM,ExxonMobil,Energy,2021,7,Jul,-8.8,49.53,20757209.52,1.79
XOM,ExxonMobil,Energy,2021,8,Aug,-3.66,47.39,18471081.82,1.68
XOM,ExxonMobil,Energy,2021,9,Sep,7.95,47.5,22995642.86,1.76
XOM,ExxonMobil,Energy,2021,10,Oct,9.43,53.25,20724504.76,1.75
XOM,ExxonMobil,Energy,2021,11,Nov,-5.76,54.62,19812452.38,1.5
XOM,ExxonMobil,Energy,2021,12,Dec,2.39,52.81,19686922.73,1.7
XOM,ExxonMobil,Energy,2022,1,Jan,22.0,61.48,30414375.0,1.67
XOM,ExxonMobil,Energy,2022,2,Feb,4.68,68.5,33086505.26,1.99
XOM,ExxonMobil,Energy,2022,3,Mar,6.03,71.75,37108700.0,2.42
XOM,ExxonMobil,Energy,2022,4,Apr,3.52,74.36,25281385.0,2.01
XOM,ExxonMobil,Energy,2022,5,May,13.54,79.82,31420823.81,2.53
XOM,ExxonMobil,Energy,2022,6,Jun,-10.37,82.76,31438947.62,2.42
XOM,ExxonMobil,Energy,2022,7,Jul,12.83,77.0,21395290.0,2.76
XOM,ExxonMobil,Energy,2022,8,Aug,0.08,83.1,18458926.09,2.21
XOM,ExxonMobil,Energy,2022,9,Sep,-8.6,81.95,19590795.24,1.95
XOM,ExxonMobil,Energy,2022,10,Oct,24.41,90.98,20553261.9,2.55
XOM,ExxonMobil,Energy,2022,11,Nov,1.6,100.14,17525500.0,1.73
XOM,ExxonMobil,Energy,2022,12,Dec,-0.7,95.81,17928776.19,1.61
XOM,ExxonMobil,Energy,2023,1,Jan,5.37,100.37,16492400.0,1.65
XOM,ExxonMobil,Energy,2023,2,Feb,-4.35,101.94,16380963.16,1.9
XOM,ExxonMobil,Energy,2023,3,Mar,0.19,96.78,17936391.3,1.72
XOM,ExxonMobil,Energy,2023,4,Apr,7.9,104.8,15436668.42,2.02
XOM,ExxonMobil,Energy,2023,5,May,-13.48,96.7,15107622.73,1.71
XOM,ExxonMobil,Energy,2023,6,Jun,4.99,96.03,15362704.76,1.34
XOM,ExxonMobil,Energy,2023,7,Jul,0.25,95.05,17518750.0,1.43
XOM,ExxonMobil,Energy,2023,8,Aug,4.61,99.35,13735082.61,1.38
XOM,ExxonMobil,Energy,2023,9,Sep,5.8,106.76,16029565.0,1.3
XOM,ExxonMobil,Energy,2023,10,Oct,-10.14,100.71,22451831.82,1.88
XOM,ExxonMobil,Energy,2023,11,Nov,-1.91,96.38,20636857.14,1.43
XOM,ExxonMobil,Energy,2023,12,Dec,-2.59,93.38,22696830.0,1.1
XOM,ExxonMobil,Energy,2024,1,Jan,2.98,92.97,19675857.14,1.23
XOM,ExxonMobil,Energy,2024,2,Feb,2.7,96.08,18045095.0,1.29
XOM,ExxonMobil,Energy,2024,3,Mar,10.72,103.48,17697665.0,0.99
XOM,ExxonMobil,Energy,2024,4,Apr,1.85,112.14,17533450.0,0.82
XOM,ExxonMobil,Energy,2024,5,May,0.11,109.52,18907300.0,1.09
XOM,ExxonMobil,Energy,2024,6,Jun,-1.7,105.96,18187368.42,1.34
XOM,ExxonMobil,Energy,2024,7,Jul,3.13,108.59,12634263.64,1.16
XOM,ExxonMobil,Energy,2024,8,Aug,0.44,110.84,12939700.0,1.32
XOM,ExxonMobil,Energy,2024,9,Sep,-0.35,108.39,16021735.0,1.51
XOM,ExxonMobil,Energy,2024,10,Oct,-0.22,114.89,13159943.48,1.45
XOM,ExxonMobil,Energy,2024,11,Nov,1.97,114.3,14521520.0,1.15
XOM,ExxonMobil,Energy,2024,12,Dec,-9.11,105.48,16910490.48,1.01
XOM,ExxonMobil,Energy,2025,1,Jan,-0.52,104.56,15387015.0,1.05
XOM,ExxonMobil,Energy,2025,2,Feb,5.18,105.78,14465884.21,1.46
XOM,ExxonMobil,Energy,2025,3,Mar,6.86,108.99,18364052.38,1.58
XOM,ExxonMobil,Energy,2025,4,Apr,-10.95,103.38,18957890.48,2.62
XOM,ExxonMobil,Energy,2025,5,May,-2.15,102.39,15571985.71,1.68
XOM,ExxonMobil,Energy,2025,6,Jun,5.47,105.79,20502715.0,1.26
XOM,ExxonMobil,Energy,2025,7,Jul,3.68,108.92,14443995.45,1.5
XOM,ExxonMobil,Energy,2025,8,Aug,3.37,106.63,15606276.19,1.1
XOM,ExxonMobil,Energy,2025,9,Sep,-1.16,111.37,16761195.24,1.17
XOM,ExxonMobil,Energy,2025,10,Oct,1.54,111.73,12549517.39,1.2
XOM,ExxonMobil,Energy,2025,11,Nov,2.33,115.43,14706157.89,1.06
XOM,ExxonMobil,Energy,2025,12,Dec,3.89,117.24,15669127.27,1.18
XOM,ExxonMobil,Energy,2026,1,Jan,16.47,129.07,20210220.0,1.66
XOM,ExxonMobil,Energy,2026,2,Feb,8.63,148.37,22032436.84,1.77
XOM,ExxonMobil,Energy,2026,3,Mar,-0.82,151.57,23506380.0,1.89
